when,commit,tree,scene,skin,surface,playing,gpu,renderer,hz,passes,window_ms,fps_med,spread_pct,worst_med_ms,drop_pct_med,gpu_cpu_pct,page_cpu_pct,host_cpu_pct,host_ws_mb,page_heap_mb,tree_ws_mb,note
2026-09-16T09:00:47.179Z,22fc257,dirty,idle,press,max,false,on,"ANGLE (AMD, AMD Radeon RX 6700 XT (0x000073DF) Direct3D11 vs_5_0 ps_5_0, D3D11)",244,1,3003,240,0.0,4,0.0,3.1,5.4,,,,,gate check
2026-09-16T09:02:21.734Z,22fc257,dirty,appearance,press,max,false,on,"ANGLE (AMD, AMD Radeon RX 6700 XT (0x000073DF) Direct3D11 vs_5_0 ps_5_0, D3D11)",244,3,4204,239,0.8,21,0.1,9.9,17.5,,,,,baseline
2026-09-16T09:02:21.734Z,22fc257,dirty,appearance,ocean,max,false,on,"ANGLE (AMD, AMD Radeon RX 6700 XT (0x000073DF) Direct3D11 vs_5_0 ps_5_0, D3D11)",244,3,4204,236,1.3,54,0.8,19.8,36.7,,,,,baseline
2026-09-16T09:02:21.734Z,22fc257,dirty,appearance,glass,max,false,on,"ANGLE (AMD, AMD Radeon RX 6700 XT (0x000073DF) Direct3D11 vs_5_0 ps_5_0, D3D11)",244,3,4204,238,0.8,25,0.6,42.9,40.9,,,,,baseline
2026-09-16T09:02:21.734Z,22fc257,dirty,appearance,retro-future,max,false,on,"ANGLE (AMD, AMD Radeon RX 6700 XT (0x000073DF) Direct3D11 vs_5_0 ps_5_0, D3D11)",244,3,4200,236,0.4,21,0.8,22.1,31.6,,,,,baseline
2026-09-16T09:03:36.750Z,22fc257,dirty,idle,press,max,false,on,"ANGLE (AMD, AMD Radeon RX 6700 XT (0x000073DF) Direct3D11 vs_5_0 ps_5_0, D3D11)",244,3,3001,240,0.0,4,0.0,3.5,7.5,,,,,baseline
2026-09-16T09:03:36.750Z,22fc257,dirty,idle,ocean,max,false,on,"ANGLE (AMD, AMD Radeon RX 6700 XT (0x000073DF) Direct3D11 vs_5_0 ps_5_0, D3D11)",244,3,3004,240,0.0,4,0.0,6.3,16.0,,,,,baseline
2026-09-16T09:03:36.750Z,22fc257,dirty,idle,glass,max,false,on,"ANGLE (AMD, AMD Radeon RX 6700 XT (0x000073DF) Direct3D11 vs_5_0 ps_5_0, D3D11)",244,3,3003,240,0.0,4,0.0,12.1,15.0,,,,,baseline
2026-09-16T09:03:36.750Z,22fc257,dirty,idle,retro-future,max,false,on,"ANGLE (AMD, AMD Radeon RX 6700 XT (0x000073DF) Direct3D11 vs_5_0 ps_5_0, D3D11)",244,3,3002,240,0.0,4,0.0,7.3,10.8,,,,,baseline
2026-09-16T09:05:14.582Z,22fc257,dirty,scroll,press,max,false,on,"ANGLE (AMD, AMD Radeon RX 6700 XT (0x000073DF) Direct3D11 vs_5_0 ps_5_0, D3D11)",244,3,3002,240,0.0,8,0.1,62.7,65.6,,,,,baseline
2026-09-16T09:05:14.582Z,22fc257,dirty,scroll,ocean,max,false,on,"ANGLE (AMD, AMD Radeon RX 6700 XT (0x000073DF) Direct3D11 vs_5_0 ps_5_0, D3D11)",244,3,3007,160,19.2,13,49.4,130.0,69.7,,,,,baseline
2026-09-16T09:05:14.582Z,22fc257,dirty,scroll,glass,max,false,on,"ANGLE (AMD, AMD Radeon RX 6700 XT (0x000073DF) Direct3D11 vs_5_0 ps_5_0, D3D11)",244,3,3001,240,0.0,5,0.0,86.8,62.8,,,,,baseline
2026-09-16T09:05:14.582Z,22fc257,dirty,scroll,retro-future,max,false,on,"ANGLE (AMD, AMD Radeon RX 6700 XT (0x000073DF) Direct3D11 vs_5_0 ps_5_0, D3D11)",244,3,3001,240,0.0,4,0.0,87.0,79.1,,,,,baseline
2026-09-16T09:07:34.416Z,22fc257,dirty,appearance,press,max,false,off,"ANGLE (Microsoft, Microsoft Basic Render Driver (0x0000008C) Direct3D11 vs_5_0 ps_5_0, D3D11)",244,3,4203,227,5.7,17,5.4,19.1,12.7,,,,,baseline gpu=off (WARP)
2026-09-16T09:07:34.416Z,22fc257,dirty,appearance,ocean,max,false,off,"ANGLE (Microsoft, Microsoft Basic Render Driver (0x0000008C) Direct3D11 vs_5_0 ps_5_0, D3D11)",244,3,4204,165,7.3,25,28.5,56.0,23.6,,,,,baseline gpu=off (WARP)
2026-09-16T09:07:34.416Z,22fc257,dirty,appearance,glass,max,false,off,"ANGLE (Microsoft, Microsoft Basic Render Driver (0x0000008C) Direct3D11 vs_5_0 ps_5_0, D3D11)",244,3,4235,34,5.7,92,92.2,96.7,12.5,,,,,baseline gpu=off (WARP)
2026-09-16T09:07:34.416Z,22fc257,dirty,appearance,retro-future,max,false,off,"ANGLE (Microsoft, Microsoft Basic Render Driver (0x0000008C) Direct3D11 vs_5_0 ps_5_0, D3D11)",244,3,4204,209,3.8,46,8.8,32.9,24.9,,,,,baseline gpu=off (WARP)
2026-09-16T09:08:49.328Z,22fc257,dirty,idle,press,max,false,off,"ANGLE (Microsoft, Microsoft Basic Render Driver (0x0000008C) Direct3D11 vs_5_0 ps_5_0, D3D11)",244,3,3004,240,0.0,4,0.0,1.6,4.5,,,,,baseline gpu=off (WARP)
2026-09-16T09:08:49.328Z,22fc257,dirty,idle,ocean,max,false,off,"ANGLE (Microsoft, Microsoft Basic Render Driver (0x0000008C) Direct3D11 vs_5_0 ps_5_0, D3D11)",244,3,3007,204,5.9,17,14.7,31.3,9.5,,,,,baseline gpu=off (WARP)
2026-09-16T09:08:49.328Z,22fc257,dirty,idle,glass,max,false,off,"ANGLE (Microsoft, Microsoft Basic Render Driver (0x0000008C) Direct3D11 vs_5_0 ps_5_0, D3D11)",244,3,3010,31,15.6,46,93.6,98.1,3.7,,,,,baseline gpu=off (WARP)
2026-09-16T09:08:49.328Z,22fc257,dirty,idle,retro-future,max,false,off,"ANGLE (Microsoft, Microsoft Basic Render Driver (0x0000008C) Direct3D11 vs_5_0 ps_5_0, D3D11)",244,3,3004,237,5.0,8,1.3,23.6,9.6,,,,,baseline gpu=off (WARP)
2026-09-16T09:10:27.284Z,22fc257,dirty,scroll,press,max,false,off,"ANGLE (Microsoft, Microsoft Basic Render Driver (0x0000008C) Direct3D11 vs_5_0 ps_5_0, D3D11)",244,3,3005,240,0.0,4,0.0,16.3,74.1,,,,,baseline gpu=off (WARP)
2026-09-16T09:10:27.284Z,22fc257,dirty,scroll,ocean,max,false,off,"ANGLE (Microsoft, Microsoft Basic Render Driver (0x0000008C) Direct3D11 vs_5_0 ps_5_0, D3D11)",244,3,3013,88,4.5,17,97.7,93.9,134.6,,,,,baseline gpu=off (WARP)
2026-09-16T09:10:27.284Z,22fc257,dirty,scroll,glass,max,false,off,"ANGLE (Microsoft, Microsoft Basic Render Driver (0x0000008C) Direct3D11 vs_5_0 ps_5_0, D3D11)",244,3,3013,26,3.7,75,97.4,99.1,15.0,,,,,baseline gpu=off (WARP)
2026-09-16T09:10:27.284Z,22fc257,dirty,scroll,retro-future,max,false,off,"ANGLE (Microsoft, Microsoft Basic Render Driver (0x0000008C) Direct3D11 vs_5_0 ps_5_0, D3D11)",244,3,3007,217,8.2,13,10.4,89.3,96.1,,,,,baseline gpu=off (WARP)
2026-09-16T09:10:59.634Z,22fc257,dirty,idle,glass,max,false,off,"ANGLE (Microsoft, Microsoft Basic Render Driver (0x0000008C) Direct3D11 vs_5_0 ps_5_0, D3D11)",244,3,3023,71,57.5,42,41.4,85.7,4.4,,,,,diag gpu=off glass idle [css: .aurora__blob{animation-play-state:paused!important}]
2026-09-16T09:11:23.846Z,22fc257,dirty,idle,glass,max,false,off,"ANGLE (Microsoft, Microsoft Basic Render Driver (0x0000008C) Direct3D11 vs_5_0 ps_5_0, D3D11)",244,3,3002,178,16.5,17,16.6,41.4,9.4,,,,,diag gpu=off glass idle [css: .panel{backdrop-filter:none!important}]
2026-09-16T09:11:53.911Z,22fc257,dirty,scroll,ocean,max,false,off,"ANGLE (Microsoft, Microsoft Basic Render Driver (0x0000008C) Direct3D11 vs_5_0 ps_5_0, D3D11)",244,3,3007,100,18.8,17,87.0,91.5,54.7,,,,,"diag gpu=off ocean scroll [css: .panel::before,.panel::after{display:none!important}]"
2026-09-16T20:01:23.817Z,905584c,dirty,idle,glass,max,false,on,"ANGLE (AMD, AMD Radeon RX 6700 XT (0x000073DF) Direct3D11 vs_5_0 ps_5_0, D3D11)",244,3,3000,240,0.0,4,0.0,10.4,17.4,,,,,glass painted (Fancy Glass off)
2026-09-16T20:01:47.191Z,905584c,dirty,idle,glass,max,false,on,"ANGLE (AMD, AMD Radeon RX 6700 XT (0x000073DF) Direct3D11 vs_5_0 ps_5_0, D3D11)",244,3,3002,240,0.0,4,0.0,13.8,9.4,,,,,glass live (Fancy Glass on) [attr: data-glass-fancy=on]
2026-09-16T20:02:16.272Z,905584c,dirty,scroll,glass,max,false,on,"ANGLE (AMD, AMD Radeon RX 6700 XT (0x000073DF) Direct3D11 vs_5_0 ps_5_0, D3D11)",244,3,3000,240,0.0,4,0.0,35.9,40.9,,,,,glass painted (Fancy Glass off)
2026-09-16T20:02:45.361Z,905584c,dirty,scroll,glass,max,false,on,"ANGLE (AMD, AMD Radeon RX 6700 XT (0x000073DF) Direct3D11 vs_5_0 ps_5_0, D3D11)",244,3,3003,240,0.0,4,0.0,64.8,46.7,,,,,glass live (Fancy Glass on) [attr: data-glass-fancy=on]
2026-09-16T20:03:31.952Z,905584c,dirty,idle,ocean,max,false,on,"ANGLE (AMD, AMD Radeon RX 6700 XT (0x000073DF) Direct3D11 vs_5_0 ps_5_0, D3D11)",244,3,3003,239,2.1,8,0.6,5.0,6.6,,,,,"ocean swell hidden [css: .ocean__roll,.ocean__bob{display:none!important}]"
2026-09-16T20:04:07.735Z,905584c,dirty,scroll,ocean,max,false,on,"ANGLE (AMD, AMD Radeon RX 6700 XT (0x000073DF) Direct3D11 vs_5_0 ps_5_0, D3D11)",244,3,3009,157,7.5,13,52.5,125.8,63.0,,,,,"ocean swell paused [css: .ocean__roll,.ocean__bob{animation-play-state:paused!important}]"
2026-09-16T20:04:36.910Z,905584c,dirty,scroll,ocean,max,false,on,"ANGLE (AMD, AMD Radeon RX 6700 XT (0x000073DF) Direct3D11 vs_5_0 ps_5_0, D3D11)",244,3,3006,201,3.8,9,19.7,94.5,45.1,,,,,"ocean swell hidden [css: .ocean__roll,.ocean__bob{display:none!important}]"
2026-09-16T20:05:08.404Z,905584c,dirty,idle,ocean,max,false,on,"ANGLE (AMD, AMD Radeon RX 6700 XT (0x000073DF) Direct3D11 vs_5_0 ps_5_0, D3D11)",244,3,3002,240,0.0,4,0.0,5.2,11.2,,,,,ocean baseline (swell A/B)
2026-09-16T20:05:31.933Z,905584c,dirty,idle,ocean,max,false,on,"ANGLE (AMD, AMD Radeon RX 6700 XT (0x000073DF) Direct3D11 vs_5_0 ps_5_0, D3D11)",244,3,3000,240,0.0,4,0.0,2.5,5.2,,,,,"ocean swell paused [css: .ocean__roll,.ocean__bob{animation-play-state:paused!important}]"
2026-09-16T20:06:01.103Z,905584c,dirty,scroll,ocean,max,false,on,"ANGLE (AMD, AMD Radeon RX 6700 XT (0x000073DF) Direct3D11 vs_5_0 ps_5_0, D3D11)",244,3,3010,162,11.4,13,47.6,128.7,63.6,,,,,"ocean swell paused [css: .ocean__roll,.ocean__bob{animation-play-state:paused!important}]"
2026-09-16T20:06:39.745Z,905584c,dirty,scroll,ocean,max,false,on,"ANGLE (AMD, AMD Radeon RX 6700 XT (0x000073DF) Direct3D11 vs_5_0 ps_5_0, D3D11)",244,3,3001,240,0.4,4,0.0,46.4,55.9,,,,,"ocean swell + sand hidden [css: .ocean__roll,.ocean__bob{display:none!important}.panel::before,.panel::after{display:none!important}]"
2026-09-16T20:07:09.096Z,905584c,dirty,scroll,ocean,max,false,on,"ANGLE (AMD, AMD Radeon RX 6700 XT (0x000073DF) Direct3D11 vs_5_0 ps_5_0, D3D11)",244,3,3004,190,0.5,9,26.2,90.4,43.1,,,,,ocean whole sea layer hidden [css: .ocean{display:none!important}]
2026-09-16T20:07:45.960Z,905584c,dirty,scroll,ocean,max,false,on,"ANGLE (AMD, AMD Radeon RX 6700 XT (0x000073DF) Direct3D11 vs_5_0 ps_5_0, D3D11)",244,3,3000,240,0.0,4,0.0,79.7,88.6,,,,,"ocean sand hidden (swell on) [css: .panel::before,.panel::after{display:none!important}]"
2026-09-16T20:08:15.219Z,905584c,dirty,scroll,ocean,max,false,on,"ANGLE (AMD, AMD Radeon RX 6700 XT (0x000073DF) Direct3D11 vs_5_0 ps_5_0, D3D11)",244,3,3001,239,6.3,9,0.6,92.2,95.7,,,,,ocean Soft edges [attr: data-ocean-edges=soft]
2026-09-16T20:08:44.498Z,905584c,dirty,scroll,ocean,max,false,on,"ANGLE (AMD, AMD Radeon RX 6700 XT (0x000073DF) Direct3D11 vs_5_0 ps_5_0, D3D11)",244,3,3000,240,0.0,4,0.0,50.1,54.7,,,,,"ocean Soft edges, swell hidden [css: .ocean__roll,.ocean__bob{display:none!important}] [attr: data-ocean-edges=soft]"
2026-09-16T20:09:25.907Z,905584c,dirty,scroll,ocean,max,false,on,"ANGLE (AMD, AMD Radeon RX 6700 XT (0x000073DF) Direct3D11 vs_5_0 ps_5_0, D3D11)",244,3,3000,240,0.0,4,0.0,30.2,52.0,,,,,"ocean sand, sand layers promoted (will-change) [css: .panel::before,.panel::after{will-change:transform}]"
2026-09-16T20:09:55.181Z,905584c,dirty,scroll,ocean,max,false,on,"ANGLE (AMD, AMD Radeon RX 6700 XT (0x000073DF) Direct3D11 vs_5_0 ps_5_0, D3D11)",244,3,3004,240,0.0,4,0.0,18.4,26.9,,,,,"ocean sand, list scroller will-change scroll-position [css: .lib-view,.lib-view--windowed{will-change:scroll-position}]"
2026-09-16T20:12:00.236Z,905584c,dirty,scroll,press,max,false,on,"ANGLE (AMD, AMD Radeon RX 6700 XT (0x000073DF) Direct3D11 vs_5_0 ps_5_0, D3D11)",244,3,3002,241,0.4,4,0.0,52.2,54.9,,,,,"all skins scroll, Glass painted"
2026-09-16T20:12:00.236Z,905584c,dirty,scroll,ocean,max,false,on,"ANGLE (AMD, AMD Radeon RX 6700 XT (0x000073DF) Direct3D11 vs_5_0 ps_5_0, D3D11)",244,3,3001,154,27.5,13,55.4,128.3,67.6,,,,,"all skins scroll, Glass painted"
2026-09-16T20:12:00.236Z,905584c,dirty,scroll,glass,max,false,on,"ANGLE (AMD, AMD Radeon RX 6700 XT (0x000073DF) Direct3D11 vs_5_0 ps_5_0, D3D11)",244,3,3004,240,0.0,4,0.0,49.1,51.0,,,,,"all skins scroll, Glass painted"
2026-09-16T20:12:00.236Z,905584c,dirty,scroll,retro-future,max,false,on,"ANGLE (AMD, AMD Radeon RX 6700 XT (0x000073DF) Direct3D11 vs_5_0 ps_5_0, D3D11)",244,3,3002,240,0.0,4,0.0,85.4,80.6,,,,,"all skins scroll, Glass painted"
2026-09-16T20:13:37.332Z,905584c,dirty,scroll,press,max,false,on,"ANGLE (AMD, AMD Radeon RX 6700 XT (0x000073DF) Direct3D11 vs_5_0 ps_5_0, D3D11)",244,3,3003,240,0.4,4,0.0,19.6,28.3,,,,,"all skins scroll, scroller will-change scroll-position [css: .lib-view,.lib-view--windowed{will-change:scroll-position}]"
2026-09-16T20:13:37.332Z,905584c,dirty,scroll,ocean,max,false,on,"ANGLE (AMD, AMD Radeon RX 6700 XT (0x000073DF) Direct3D11 vs_5_0 ps_5_0, D3D11)",244,3,3002,240,0.0,4,0.0,24.3,35.8,,,,,"all skins scroll, scroller will-change scroll-position [css: .lib-view,.lib-view--windowed{will-change:scroll-position}]"
2026-09-16T20:13:37.332Z,905584c,dirty,scroll,glass,max,false,on,"ANGLE (AMD, AMD Radeon RX 6700 XT (0x000073DF) Direct3D11 vs_5_0 ps_5_0, D3D11)",244,3,3002,240,0.0,4,0.0,23.5,39.3,,,,,"all skins scroll, scroller will-change scroll-position [css: .lib-view,.lib-view--windowed{will-change:scroll-position}]"
2026-09-16T20:13:37.332Z,905584c,dirty,scroll,retro-future,max,false,on,"ANGLE (AMD, AMD Radeon RX 6700 XT (0x000073DF) Direct3D11 vs_5_0 ps_5_0, D3D11)",244,3,3000,240,0.0,4,0.0,18.7,27.1,,,,,"all skins scroll, scroller will-change scroll-position [css: .lib-view,.lib-view--windowed{will-change:scroll-position}]"
2026-09-16T20:14:06.517Z,905584c,dirty,scroll,glass,max,false,on,"ANGLE (AMD, AMD Radeon RX 6700 XT (0x000073DF) Direct3D11 vs_5_0 ps_5_0, D3D11)",244,3,3004,240,0.0,4,0.0,53.1,28.8,,,,,"glass live, scroller will-change [css: .lib-view,.lib-view--windowed{will-change:scroll-position}] [attr: data-glass-fancy=on]"
2026-09-16T20:17:59.964Z,905584c,dirty,idle,press,max,false,off,"ANGLE (Microsoft, Microsoft Basic Render Driver (0x0000008C) Direct3D11 vs_5_0 ps_5_0, D3D11)",244,3,3003,240,0.0,4,0.0,1.5,5.1,,,,,gpu=off glass painted (Fancy Glass off)
2026-09-16T20:17:59.964Z,905584c,dirty,idle,glass,max,false,off,"ANGLE (Microsoft, Microsoft Basic Render Driver (0x0000008C) Direct3D11 vs_5_0 ps_5_0, D3D11)",244,3,3002,240,0.0,4,0.0,10.7,7.6,,,,,gpu=off glass painted (Fancy Glass off)
2026-09-16T20:18:40.556Z,905584c,dirty,idle,press,max,false,off,"ANGLE (Microsoft, Microsoft Basic Render Driver (0x0000008C) Direct3D11 vs_5_0 ps_5_0, D3D11)",244,3,3003,240,0.0,4,0.0,1.6,4.9,,,,,gpu=off glass live (Fancy Glass on) [attr: data-glass-fancy=on]
2026-09-16T20:18:40.556Z,905584c,dirty,idle,glass,max,false,off,"ANGLE (Microsoft, Microsoft Basic Render Driver (0x0000008C) Direct3D11 vs_5_0 ps_5_0, D3D11)",244,3,3021,30,25.0,50,92.4,97.3,3.5,,,,,gpu=off glass live (Fancy Glass on) [attr: data-glass-fancy=on]
2026-09-16T20:19:32.542Z,905584c,dirty,scroll,press,max,false,off,"ANGLE (Microsoft, Microsoft Basic Render Driver (0x0000008C) Direct3D11 vs_5_0 ps_5_0, D3D11)",244,3,3004,240,0.0,4,0.0,16.2,76.4,,,,,gpu=off glass painted (Fancy Glass off)
2026-09-16T20:19:32.542Z,905584c,dirty,scroll,glass,max,false,off,"ANGLE (Microsoft, Microsoft Basic Render Driver (0x0000008C) Direct3D11 vs_5_0 ps_5_0, D3D11)",244,3,3008,183,25.9,17,30.3,90.8,119.4,,,,,gpu=off glass painted (Fancy Glass off)
2026-09-16T20:20:36.515Z,905584c,dirty,scroll,press,max,false,off,"ANGLE (Microsoft, Microsoft Basic Render Driver (0x0000008C) Direct3D11 vs_5_0 ps_5_0, D3D11)",244,3,3004,240,0.0,4,0.0,16.9,80.2,,,,,gpu=off glass live (Fancy Glass on) [attr: data-glass-fancy=on]
2026-09-16T20:20:36.515Z,905584c,dirty,scroll,glass,max,false,off,"ANGLE (Microsoft, Microsoft Basic Render Driver (0x0000008C) Direct3D11 vs_5_0 ps_5_0, D3D11)",244,3,3031,26,3.7,50,98.8,97.6,13.4,,,,,gpu=off glass live (Fancy Glass on) [attr: data-glass-fancy=on]
2026-09-16T20:21:14.876Z,905584c,dirty,appearance,press,max,false,off,"ANGLE (Microsoft, Microsoft Basic Render Driver (0x0000008C) Direct3D11 vs_5_0 ps_5_0, D3D11)",244,3,4203,219,2.3,29,7.9,23.1,19.2,,,,,gpu=off glass painted (Fancy Glass off)
2026-09-16T20:21:14.876Z,905584c,dirty,appearance,glass,max,false,off,"ANGLE (Microsoft, Microsoft Basic Render Driver (0x0000008C) Direct3D11 vs_5_0 ps_5_0, D3D11)",244,3,4202,193,2.5,25,10.8,38.8,24.4,,,,,gpu=off glass painted (Fancy Glass off)
2026-09-16T20:21:53.115Z,905584c,dirty,appearance,press,max,false,off,"ANGLE (Microsoft, Microsoft Basic Render Driver (0x0000008C) Direct3D11 vs_5_0 ps_5_0, D3D11)",244,3,4203,217,3.6,42,7.0,23.6,16.3,,,,,gpu=off glass live (Fancy Glass on) [attr: data-glass-fancy=on]
2026-09-16T20:21:53.115Z,905584c,dirty,appearance,glass,max,false,off,"ANGLE (Microsoft, Microsoft Basic Render Driver (0x0000008C) Direct3D11 vs_5_0 ps_5_0, D3D11)",244,3,4203,34,22.9,79,80.7,95.1,11.6,,,,,gpu=off glass live (Fancy Glass on) [attr: data-glass-fancy=on]
2026-09-16T20:23:40.395Z,905584c,dirty,scroll,press,max,false,off,"ANGLE (Microsoft, Microsoft Basic Render Driver (0x0000008C) Direct3D11 vs_5_0 ps_5_0, D3D11)",244,3,3003,240,0.4,4,0.0,17.6,81.7,,,,,"gpu=off all skins scroll, Glass painted"
2026-09-16T20:23:40.395Z,905584c,dirty,scroll,ocean,max,false,off,"ANGLE (Microsoft, Microsoft Basic Render Driver (0x0000008C) Direct3D11 vs_5_0 ps_5_0, D3D11)",244,3,3010,82,24.1,25,96.3,94.4,128.7,,,,,"gpu=off all skins scroll, Glass painted"
2026-09-16T20:23:40.395Z,905584c,dirty,scroll,glass,max,false,off,"ANGLE (Microsoft, Microsoft Basic Render Driver (0x0000008C) Direct3D11 vs_5_0 ps_5_0, D3D11)",244,3,3003,215,6.4,13,11.6,89.5,121.0,,,,,"gpu=off all skins scroll, Glass painted"
2026-09-16T20:23:40.395Z,905584c,dirty,scroll,retro-future,max,false,off,"ANGLE (Microsoft, Microsoft Basic Render Driver (0x0000008C) Direct3D11 vs_5_0 ps_5_0, D3D11)",244,3,3003,211,8.0,13,13.6,89.2,99.8,,,,,"gpu=off all skins scroll, Glass painted"
2026-09-16T20:25:17.741Z,905584c,dirty,scroll,press,max,false,off,"ANGLE (Microsoft, Microsoft Basic Render Driver (0x0000008C) Direct3D11 vs_5_0 ps_5_0, D3D11)",244,3,3003,240,0.0,4,0.0,23.1,35.8,,,,,"gpu=off all skins scroll, scroller will-change [css: .lib-view,.lib-view--windowed{will-change:scroll-position}]"
2026-09-16T20:25:17.741Z,905584c,dirty,scroll,ocean,max,false,off,"ANGLE (Microsoft, Microsoft Basic Render Driver (0x0000008C) Direct3D11 vs_5_0 ps_5_0, D3D11)",244,3,3004,110,51.1,21,54.8,89.2,26.0,,,,,"gpu=off all skins scroll, scroller will-change [css: .lib-view,.lib-view--windowed{will-change:scroll-position}]"
2026-09-16T20:25:17.741Z,905584c,dirty,scroll,glass,max,false,off,"ANGLE (Microsoft, Microsoft Basic Render Driver (0x0000008C) Direct3D11 vs_5_0 ps_5_0, D3D11)",244,3,3004,180,31.4,13,31.9,90.4,51.5,,,,,"gpu=off all skins scroll, scroller will-change [css: .lib-view,.lib-view--windowed{will-change:scroll-position}]"
2026-09-16T20:25:17.741Z,905584c,dirty,scroll,retro-future,max,false,off,"ANGLE (Microsoft, Microsoft Basic Render Driver (0x0000008C) Direct3D11 vs_5_0 ps_5_0, D3D11)",244,3,3002,194,33.0,17,21.8,70.9,41.0,,,,,"gpu=off all skins scroll, scroller will-change [css: .lib-view,.lib-view--windowed{will-change:scroll-position}]"
2026-09-16T20:25:53.591Z,905584c,dirty,idle,ocean,max,false,off,"ANGLE (Microsoft, Microsoft Basic Render Driver (0x0000008C) Direct3D11 vs_5_0 ps_5_0, D3D11)",244,3,3001,240,0.0,4,0.0,2.2,7.1,,,,,"gpu=off ocean swell paused [css: .ocean__roll,.ocean__bob{animation-play-state:paused!important}]"
2026-09-16T20:26:29.074Z,905584c,dirty,idle,ocean,max,false,off,"ANGLE (Microsoft, Microsoft Basic Render Driver (0x0000008C) Direct3D11 vs_5_0 ps_5_0, D3D11)",244,3,3004,240,0.0,4,0.0,2.3,7.0,,,,,"gpu=off ocean swell hidden [css: .ocean__roll,.ocean__bob{display:none!important}]"
2026-09-16T20:27:16.551Z,905584c,dirty,idle,ocean,max,false,off,"ANGLE (Microsoft, Microsoft Basic Render Driver (0x0000008C) Direct3D11 vs_5_0 ps_5_0, D3D11)",244,3,3003,176,5.4,17,17.0,42.1,10.4,,,,,gpu=off ocean baseline (swell A/B)
2026-09-16T20:27:58.054Z,905584c,dirty,scroll,ocean,max,false,off,"ANGLE (Microsoft, Microsoft Basic Render Driver (0x0000008C) Direct3D11 vs_5_0 ps_5_0, D3D11)",244,3,3005,240,0.0,8,0.1,22.2,215.4,,,,,"gpu=off ocean swell hidden [css: .ocean__roll,.ocean__bob{display:none!important}]"
2026-09-16T20:28:27.572Z,905584c,dirty,scroll,ocean,max,false,off,"ANGLE (Microsoft, Microsoft Basic Render Driver (0x0000008C) Direct3D11 vs_5_0 ps_5_0, D3D11)",244,3,3004,240,0.0,4,0.0,21.9,34.0,,,,,"gpu=off ocean swell hidden + scroller will-change [css: .ocean__roll,.ocean__bob{display:none!important}.lib-view,.lib-view--windowed{will-change:scroll-position}]"
2026-09-16T20:29:10.184Z,905584c,dirty,scroll,ocean,max,false,off,"ANGLE (Microsoft, Microsoft Basic Render Driver (0x0000008C) Direct3D11 vs_5_0 ps_5_0, D3D11)",244,3,3003,210,7.4,13,13.2,49.6,354.4,,,,,"gpu=off ocean swell paused [css: .ocean__roll,.ocean__bob{animation-play-state:paused!important}]"
2026-09-16T20:30:06.556Z,905584c,dirty,scroll,ocean,max,false,off,"ANGLE (Microsoft, Microsoft Basic Render Driver (0x0000008C) Direct3D11 vs_5_0 ps_5_0, D3D11)",244,3,3008,67,20.0,29,97.8,94.7,54.4,,,,,gpu=off ocean Soft edges [attr: data-ocean-edges=soft]
2026-09-16T20:32:45.312Z,905584c,dirty,scroll,press,max,false,off,"ANGLE (Microsoft, Microsoft Basic Render Driver (0x0000008C) Direct3D11 vs_5_0 ps_5_0, D3D11)",244,5,3003,240,5.4,4,0.0,23.1,34.1,,,,,"gpu=off all skins scroll, scroller will-change (rerun) [css: .lib-view,.lib-view--windowed{will-change:scroll-position}]"
2026-09-16T20:32:45.312Z,905584c,dirty,scroll,ocean,max,false,off,"ANGLE (Microsoft, Microsoft Basic Render Driver (0x0000008C) Direct3D11 vs_5_0 ps_5_0, D3D11)",244,5,3002,113,70.5,21,52.8,90.9,24.8,,,,,"gpu=off all skins scroll, scroller will-change (rerun) [css: .lib-view,.lib-view--windowed{will-change:scroll-position}]"
2026-09-16T20:32:45.312Z,905584c,dirty,scroll,glass,max,false,off,"ANGLE (Microsoft, Microsoft Basic Render Driver (0x0000008C) Direct3D11 vs_5_0 ps_5_0, D3D11)",244,5,3008,153,59.7,13,51.0,91.9,48.2,,,,,"gpu=off all skins scroll, scroller will-change (rerun) [css: .lib-view,.lib-view--windowed{will-change:scroll-position}]"
2026-09-16T20:32:45.312Z,905584c,dirty,scroll,retro-future,max,false,off,"ANGLE (Microsoft, Microsoft Basic Render Driver (0x0000008C) Direct3D11 vs_5_0 ps_5_0, D3D11)",244,5,3004,192,62.6,17,22.4,69.4,41.2,,,,,"gpu=off all skins scroll, scroller will-change (rerun) [css: .lib-view,.lib-view--windowed{will-change:scroll-position}]"
2026-09-16T20:36:00.741Z,905584c,dirty,scroll,press,max,false,off,"ANGLE (Microsoft, Microsoft Basic Render Driver (0x0000008C) Direct3D11 vs_5_0 ps_5_0, D3D11)",244,5,3004,240,0.8,8,0.1,21.1,98.9,,,,,"gpu=off all skins scroll, Glass painted (rerun)"
2026-09-16T20:36:00.741Z,905584c,dirty,scroll,ocean,max,false,off,"ANGLE (Microsoft, Microsoft Basic Render Driver (0x0000008C) Direct3D11 vs_5_0 ps_5_0, D3D11)",244,5,3026,63,23.9,33,97.8,95.5,116.6,,,,,"gpu=off all skins scroll, Glass painted (rerun)"
2026-09-16T20:36:00.741Z,905584c,dirty,scroll,glass,max,false,off,"ANGLE (Microsoft, Microsoft Basic Render Driver (0x0000008C) Direct3D11 vs_5_0 ps_5_0, D3D11)",244,5,3006,172,25.0,17,38.1,93.0,119.1,,,,,"gpu=off all skins scroll, Glass painted (rerun)"
2026-09-16T20:36:00.741Z,905584c,dirty,scroll,retro-future,max,false,off,"ANGLE (Microsoft, Microsoft Basic Render Driver (0x0000008C) Direct3D11 vs_5_0 ps_5_0, D3D11)",244,5,3007,179,19.7,13,34.3,91.1,102.2,,,,,"gpu=off all skins scroll, Glass painted (rerun)"
2026-09-17T23:32:53.018Z,bf41119,dirty,grow,press,max,false,on,"ANGLE (AMD, AMD Radeon RX 6700 XT (0x000073DF) Direct3D11 vs_5_0 ps_5_0, D3D11)",244,1,3002,232,0.0,38,1.4,22.6,28.6,0.3,68,,,
2026-09-17T23:34:28.241Z,bf41119,dirty,grow,press,max,false,on,"ANGLE (AMD, AMD Radeon RX 6700 XT (0x000073DF) Direct3D11 vs_5_0 ps_5_0, D3D11)",244,3,3004,236,0.4,29,0.7,17.3,23.8,0.3,70,,,"0.9.5 baseline, new gesture scenes"
2026-09-17T23:34:28.241Z,bf41119,dirty,grow,ocean,max,false,on,"ANGLE (AMD, AMD Radeon RX 6700 XT (0x000073DF) Direct3D11 vs_5_0 ps_5_0, D3D11)",244,3,3003,226,3.9,29,4.3,40.4,35.1,0.3,70,,,"0.9.5 baseline, new gesture scenes"
2026-09-17T23:34:28.241Z,bf41119,dirty,grow,glass,max,false,on,"ANGLE (AMD, AMD Radeon RX 6700 XT (0x000073DF) Direct3D11 vs_5_0 ps_5_0, D3D11)",244,3,3003,236,0.8,21,0.7,34.7,31.4,0.0,70,,,"0.9.5 baseline, new gesture scenes"
2026-09-17T23:34:28.241Z,bf41119,dirty,grow,cyber,max,false,on,"ANGLE (AMD, AMD Radeon RX 6700 XT (0x000073DF) Direct3D11 vs_5_0 ps_5_0, D3D11)",244,3,3001,235,0.8,25,0.7,22.6,26.2,0.3,70,,,"0.9.5 baseline, new gesture scenes"
2026-09-17T23:35:54.603Z,bf41119,dirty,compass,press,max,false,on,"ANGLE (AMD, AMD Radeon RX 6700 XT (0x000073DF) Direct3D11 vs_5_0 ps_5_0, D3D11)",244,3,3001,235,2.1,33,0.7,9.2,16.8,1.5,71,,,"0.9.5 baseline, new gesture scenes"
2026-09-17T23:35:54.603Z,bf41119,dirty,compass,ocean,max,false,on,"ANGLE (AMD, AMD Radeon RX 6700 XT (0x000073DF) Direct3D11 vs_5_0 ps_5_0, D3D11)",244,3,3003,235,9.8,38,0.7,12.4,23.2,1.8,71,,,"0.9.5 baseline, new gesture scenes"
2026-09-17T23:35:54.603Z,bf41119,dirty,compass,glass,max,false,on,"ANGLE (AMD, AMD Radeon RX 6700 XT (0x000073DF) Direct3D11 vs_5_0 ps_5_0, D3D11)",244,3,3002,234,1.3,33,0.7,27.0,25.7,0.5,71,,,"0.9.5 baseline, new gesture scenes"
2026-09-17T23:35:54.603Z,bf41119,dirty,compass,cyber,max,false,on,"ANGLE (AMD, AMD Radeon RX 6700 XT (0x000073DF) Direct3D11 vs_5_0 ps_5_0, D3D11)",244,3,3003,237,1.3,29,0.6,12.5,17.7,0.3,71,,,"0.9.5 baseline, new gesture scenes"
2026-09-17T23:38:28.517Z,bf41119,dirty,sound,press,max,false,on,"ANGLE (AMD, AMD Radeon RX 6700 XT (0x000073DF) Direct3D11 vs_5_0 ps_5_0, D3D11)",244,3,3004,240,3.7,5,0.0,8.2,14.4,0.0,71,,,"0.9.5 baseline, new gesture scenes [contended: msedge 17%]"
2026-09-17T23:38:28.517Z,bf41119,dirty,sound,ocean,max,false,on,"ANGLE (AMD, AMD Radeon RX 6700 XT (0x000073DF) Direct3D11 vs_5_0 ps_5_0, D3D11)",244,3,3001,240,0.0,4,0.0,10.8,19.4,0.0,71,,,"0.9.5 baseline, new gesture scenes [contended: msedge 17%]"
2026-09-17T23:38:28.517Z,bf41119,dirty,sound,glass,max,false,on,"ANGLE (AMD, AMD Radeon RX 6700 XT (0x000073DF) Direct3D11 vs_5_0 ps_5_0, D3D11)",244,3,3003,240,0.0,4,0.0,22.2,16.9,0.0,71,,,"0.9.5 baseline, new gesture scenes [contended: msedge 17%]"
2026-09-17T23:38:28.517Z,bf41119,dirty,sound,cyber,max,false,on,"ANGLE (AMD, AMD Radeon RX 6700 XT (0x000073DF) Direct3D11 vs_5_0 ps_5_0, D3D11)",244,3,3002,240,0.0,5,0.0,11.8,16.9,0.3,71,,,"0.9.5 baseline, new gesture scenes [contended: msedge 17%]"
2026-09-17T23:39:53.108Z,bf41119,dirty,libsort,press,max,false,on,"ANGLE (AMD, AMD Radeon RX 6700 XT (0x000073DF) Direct3D11 vs_5_0 ps_5_0, D3D11)",244,3,3002,240,0.8,4,0.0,4.6,10.2,0.0,71,,,"0.9.5 baseline, new gesture scenes [contended: nothing else on the GPU]"
2026-09-17T23:39:53.108Z,bf41119,dirty,libsort,ocean,max,false,on,"ANGLE (AMD, AMD Radeon RX 6700 XT (0x000073DF) Direct3D11 vs_5_0 ps_5_0, D3D11)",244,3,3004,240,0.0,8,0.1,6.9,15.8,0.3,71,,,"0.9.5 baseline, new gesture scenes [contended: nothing else on the GPU]"
2026-09-17T23:39:53.108Z,bf41119,dirty,libsort,glass,max,false,on,"ANGLE (AMD, AMD Radeon RX 6700 XT (0x000073DF) Direct3D11 vs_5_0 ps_5_0, D3D11)",244,3,3003,240,0.0,8,0.1,13.8,17.4,0.3,71,,,"0.9.5 baseline, new gesture scenes [contended: nothing else on the GPU]"
2026-09-17T23:39:53.108Z,bf41119,dirty,libsort,cyber,max,false,on,"ANGLE (AMD, AMD Radeon RX 6700 XT (0x000073DF) Direct3D11 vs_5_0 ps_5_0, D3D11)",244,3,3003,240,0.0,4,0.0,8.2,13.1,0.0,71,,,"0.9.5 baseline, new gesture scenes [contended: nothing else on the GPU]"
2026-09-17T23:41:15.321Z,bf41119,dirty,swap,press,max,false,on,"ANGLE (AMD, AMD Radeon RX 6700 XT (0x000073DF) Direct3D11 vs_5_0 ps_5_0, D3D11)",244,3,3002,238,0.4,21,0.4,9.8,17.9,1.0,72,,,"0.9.5 baseline, new gesture scenes [contended: nothing else on the GPU]"
2026-09-17T23:41:15.321Z,bf41119,dirty,swap,ocean,max,false,on,"ANGLE (AMD, AMD Radeon RX 6700 XT (0x000073DF) Direct3D11 vs_5_0 ps_5_0, D3D11)",244,3,3001,237,0.8,17,1.0,24.1,30.2,0.5,71,,,"0.9.5 baseline, new gesture scenes [contended: nothing else on the GPU]"
2026-09-17T23:41:15.321Z,bf41119,dirty,swap,glass,max,false,on,"ANGLE (AMD, AMD Radeon RX 6700 XT (0x000073DF) Direct3D11 vs_5_0 ps_5_0, D3D11)",244,3,3003,237,1.3,21,0.6,27.8,26.7,0.5,72,,,"0.9.5 baseline, new gesture scenes [contended: nothing else on the GPU]"
2026-09-17T23:41:15.321Z,bf41119,dirty,swap,cyber,max,false,on,"ANGLE (AMD, AMD Radeon RX 6700 XT (0x000073DF) Direct3D11 vs_5_0 ps_5_0, D3D11)",244,3,3004,238,0.8,17,0.7,16.5,23.1,0.8,72,,,"0.9.5 baseline, new gesture scenes [contended: nothing else on the GPU]"
2026-09-17T23:43:33.260Z,bf41119,dirty,libsort,cyber,max,false,on,"ANGLE (AMD, AMD Radeon RX 6700 XT (0x000073DF) Direct3D11 vs_5_0 ps_5_0, D3D11)",244,3,3001,232,0.9,112,0.1,10.3,17.3,0.0,72,,,BEFORE: localeCompare built per comparison [contended: nothing else on the GPU]
2026-09-17T23:44:33.702Z,bf41119,dirty,libsort,cyber,max,false,on,"ANGLE (AMD, AMD Radeon RX 6700 XT (0x000073DF) Direct3D11 vs_5_0 ps_5_0, D3D11)",244,3,3003,240,0.0,4,0.0,9.2,8.4,0.3,70,,,AFTER: one cached Intl.Collator [contended: nothing else on the GPU]
2026-09-17T23:56:29.099Z,bf41119,dirty,libsort,press,max,false,on,"ANGLE (AMD, AMD Radeon RX 6700 XT (0x000073DF) Direct3D11 vs_5_0 ps_5_0, D3D11)",244,3,3004,240,0.4,12,0.1,3.4,7.8,0.0,67,,,"asserted scenes, collator fixed [contended: nothing else on the GPU]"
2026-09-17T23:56:29.099Z,bf41119,dirty,libsort,ocean,max,false,on,"ANGLE (AMD, AMD Radeon RX 6700 XT (0x000073DF) Direct3D11 vs_5_0 ps_5_0, D3D11)",244,3,3003,240,0.0,8,0.1,5.7,10.7,0.0,68,,,"asserted scenes, collator fixed [contended: nothing else on the GPU]"
2026-09-17T23:56:29.099Z,bf41119,dirty,libsort,glass,max,false,on,"ANGLE (AMD, AMD Radeon RX 6700 XT (0x000073DF) Direct3D11 vs_5_0 ps_5_0, D3D11)",244,3,3003,240,0.4,8,0.1,10.0,9.4,0.3,68,,,"asserted scenes, collator fixed [contended: nothing else on the GPU]"
2026-09-17T23:56:29.099Z,bf41119,dirty,libsort,cyber,max,false,on,"ANGLE (AMD, AMD Radeon RX 6700 XT (0x000073DF) Direct3D11 vs_5_0 ps_5_0, D3D11)",244,3,3002,240,0.0,8,0.1,8.6,12.1,0.0,68,,,"asserted scenes, collator fixed [contended: nothing else on the GPU]"
2026-09-17T23:57:51.293Z,bf41119,dirty,grow,press,max,false,on,"ANGLE (AMD, AMD Radeon RX 6700 XT (0x000073DF) Direct3D11 vs_5_0 ps_5_0, D3D11)",244,3,3003,235,0.0,29,0.7,15.5,20.6,0.3,68,,,"asserted scenes, collator fixed [contended: nothing else on the GPU]"
2026-09-17T23:57:51.293Z,bf41119,dirty,grow,ocean,max,false,on,"ANGLE (AMD, AMD Radeon RX 6700 XT (0x000073DF) Direct3D11 vs_5_0 ps_5_0, D3D11)",244,3,3001,229,1.3,29,3.2,39.9,32.9,0.0,68,,,"asserted scenes, collator fixed [contended: nothing else on the GPU]"
2026-09-17T23:57:51.293Z,bf41119,dirty,grow,glass,max,false,on,"ANGLE (AMD, AMD Radeon RX 6700 XT (0x000073DF) Direct3D11 vs_5_0 ps_5_0, D3D11)",244,3,3002,236,0.4,25,0.8,35.2,29.3,0.0,68,,,"asserted scenes, collator fixed [contended: nothing else on the GPU]"
2026-09-17T23:57:51.293Z,bf41119,dirty,grow,cyber,max,false,on,"ANGLE (AMD, AMD Radeon RX 6700 XT (0x000073DF) Direct3D11 vs_5_0 ps_5_0, D3D11)",244,3,3003,233,1.7,29,0.9,20.4,27.9,0.0,68,,,"asserted scenes, collator fixed [contended: nothing else on the GPU]"
2026-09-18T00:00:58.088Z,bf41119,dirty,libsort,press,max,false,on,"ANGLE (AMD, AMD Radeon RX 6700 XT (0x000073DF) Direct3D11 vs_5_0 ps_5_0, D3D11)",244,3,3003,240,0.4,8,0.1,4.6,9.4,0.5,69,,,"verified scenes, collator + host-read fixed [contended: nothing else on the GPU]"
2026-09-18T00:00:58.088Z,bf41119,dirty,libsort,ocean,max,false,on,"ANGLE (AMD, AMD Radeon RX 6700 XT (0x000073DF) Direct3D11 vs_5_0 ps_5_0, D3D11)",244,3,3003,239,0.0,12,0.1,6.9,15.7,0.3,69,,,"verified scenes, collator + host-read fixed [contended: nothing else on the GPU]"
2026-09-18T00:00:58.088Z,bf41119,dirty,libsort,glass,max,false,on,"ANGLE (AMD, AMD Radeon RX 6700 XT (0x000073DF) Direct3D11 vs_5_0 ps_5_0, D3D11)",244,3,3003,240,0.4,8,0.1,14.1,18.0,0.5,69,,,"verified scenes, collator + host-read fixed [contended: nothing else on the GPU]"
2026-09-18T00:00:58.088Z,bf41119,dirty,libsort,cyber,max,false,on,"ANGLE (AMD, AMD Radeon RX 6700 XT (0x000073DF) Direct3D11 vs_5_0 ps_5_0, D3D11)",244,3,3003,240,0.0,8,0.1,8.8,13.4,0.3,69,,,"verified scenes, collator + host-read fixed [contended: nothing else on the GPU]"
2026-09-18T00:02:20.726Z,bf41119,dirty,grow,press,max,false,on,"ANGLE (AMD, AMD Radeon RX 6700 XT (0x000073DF) Direct3D11 vs_5_0 ps_5_0, D3D11)",244,3,3001,235,0.0,29,0.7,15.5,23.4,0.5,69,,,"verified scenes, collator + host-read fixed [contended: nothing else on the GPU]"
2026-09-18T00:02:20.726Z,bf41119,dirty,grow,ocean,max,false,on,"ANGLE (AMD, AMD Radeon RX 6700 XT (0x000073DF) Direct3D11 vs_5_0 ps_5_0, D3D11)",244,3,3002,225,3.5,33,4.3,43.4,42.9,0.0,69,,,"verified scenes, collator + host-read fixed [contended: nothing else on the GPU]"
2026-09-18T00:02:20.726Z,bf41119,dirty,grow,glass,max,false,on,"ANGLE (AMD, AMD Radeon RX 6700 XT (0x000073DF) Direct3D11 vs_5_0 ps_5_0, D3D11)",244,3,3003,233,0.9,29,1.1,39.4,34.9,0.0,69,,,"verified scenes, collator + host-read fixed [contended: nothing else on the GPU]"
2026-09-18T00:02:20.726Z,bf41119,dirty,grow,cyber,max,false,on,"ANGLE (AMD, AMD Radeon RX 6700 XT (0x000073DF) Direct3D11 vs_5_0 ps_5_0, D3D11)",244,3,3003,234,0.8,25,0.9,20.2,26.6,0.8,69,,,"verified scenes, collator + host-read fixed [contended: nothing else on the GPU]"
2026-09-18T00:03:42.972Z,bf41119,dirty,compass,press,max,false,on,"ANGLE (AMD, AMD Radeon RX 6700 XT (0x000073DF) Direct3D11 vs_5_0 ps_5_0, D3D11)",244,3,3001,236,0.8,29,0.7,8.6,14.1,0.3,69,,,"verified scenes, collator + host-read fixed [contended: nothing else on the GPU]"
2026-09-18T00:03:42.972Z,bf41119,dirty,compass,ocean,max,false,on,"ANGLE (AMD, AMD Radeon RX 6700 XT (0x000073DF) Direct3D11 vs_5_0 ps_5_0, D3D11)",244,3,3004,236,0.0,29,0.6,10.5,18.9,0.5,69,,,"verified scenes, collator + host-read fixed [contended: nothing else on the GPU]"
2026-09-18T00:03:42.972Z,bf41119,dirty,compass,glass,max,false,on,"ANGLE (AMD, AMD Radeon RX 6700 XT (0x000073DF) Direct3D11 vs_5_0 ps_5_0, D3D11)",244,3,3003,235,0.8,38,0.6,24.2,22.9,0.5,69,,,"verified scenes, collator + host-read fixed [contended: nothing else on the GPU]"
2026-09-18T00:03:42.972Z,bf41119,dirty,compass,cyber,max,false,on,"ANGLE (AMD, AMD Radeon RX 6700 XT (0x000073DF) Direct3D11 vs_5_0 ps_5_0, D3D11)",244,3,3003,236,0.4,33,0.6,10.8,15.5,0.5,69,,,"verified scenes, collator + host-read fixed [contended: nothing else on the GPU]"
2026-09-18T00:05:04.906Z,bf41119,dirty,sound,press,max,false,on,"ANGLE (AMD, AMD Radeon RX 6700 XT (0x000073DF) Direct3D11 vs_5_0 ps_5_0, D3D11)",244,3,3002,240,2.5,5,0.0,7.9,13.3,0.3,69,,,"verified scenes, collator + host-read fixed [contended: nothing else on the GPU]"
2026-09-18T00:05:04.906Z,bf41119,dirty,sound,ocean,max,false,on,"ANGLE (AMD, AMD Radeon RX 6700 XT (0x000073DF) Direct3D11 vs_5_0 ps_5_0, D3D11)",244,3,3002,240,0.0,4,0.0,10.2,17.1,0.0,69,,,"verified scenes, collator + host-read fixed [contended: nothing else on the GPU]"
2026-09-18T00:05:04.906Z,bf41119,dirty,sound,glass,max,false,on,"ANGLE (AMD, AMD Radeon RX 6700 XT (0x000073DF) Direct3D11 vs_5_0 ps_5_0, D3D11)",244,3,3003,240,0.0,4,0.0,22.9,16.4,0.0,69,,,"verified scenes, collator + host-read fixed [contended: nothing else on the GPU]"
2026-09-18T00:05:04.906Z,bf41119,dirty,sound,cyber,max,false,on,"ANGLE (AMD, AMD Radeon RX 6700 XT (0x000073DF) Direct3D11 vs_5_0 ps_5_0, D3D11)",244,3,3002,240,0.0,4,0.0,11.0,15.9,0.0,69,,,"verified scenes, collator + host-read fixed [contended: nothing else on the GPU]"
2026-09-18T00:06:27.355Z,bf41119,dirty,swap,press,max,false,on,"ANGLE (AMD, AMD Radeon RX 6700 XT (0x000073DF) Direct3D11 vs_5_0 ps_5_0, D3D11)",244,3,3004,236,0.4,21,1.0,10.0,20.2,0.5,70,,,"verified scenes, collator + host-read fixed [contended: nothing else on the GPU]"
2026-09-18T00:06:27.355Z,bf41119,dirty,swap,ocean,max,false,on,"ANGLE (AMD, AMD Radeon RX 6700 XT (0x000073DF) Direct3D11 vs_5_0 ps_5_0, D3D11)",244,3,3004,234,0.8,21,1.6,26.9,37.9,0.8,70,,,"verified scenes, collator + host-read fixed [contended: nothing else on the GPU]"
2026-09-18T00:06:27.355Z,bf41119,dirty,swap,glass,max,false,on,"ANGLE (AMD, AMD Radeon RX 6700 XT (0x000073DF) Direct3D11 vs_5_0 ps_5_0, D3D11)",244,3,3001,238,0.4,17,0.7,29.7,27.0,0.8,70,,,"verified scenes, collator + host-read fixed [contended: nothing else on the GPU]"
2026-09-18T00:06:27.355Z,bf41119,dirty,swap,cyber,max,false,on,"ANGLE (AMD, AMD Radeon RX 6700 XT (0x000073DF) Direct3D11 vs_5_0 ps_5_0, D3D11)",244,3,3001,237,0.8,17,0.7,19.0,26.3,0.5,70,,,"verified scenes, collator + host-read fixed [contended: nothing else on the GPU]"
2026-09-18T00:29:57.802Z,bf41119,dirty,libsort,press,max,false,on,"ANGLE (AMD, AMD Radeon RX 6700 XT (0x000073DF) Direct3D11 vs_5_0 ps_5_0, D3D11)",244,1,3004,239,0.0,13,0.6,6.5,13.3,0.0,67,15.3,744,column migration + memory columns [contended: League of Legends 14%]
2026-09-27T04:00:31.682Z,57493aa,dirty,appearance,press,max,false,on,"ANGLE (AMD, AMD Radeon RX 6700 XT (0x000073DF) Direct3D11 vs_5_0 ps_5_0, D3D11)",244,3,4202,238,2.5,42,0.1,11.3,21.3,0.0,67,9.4,797,rules-rulez [contended: League of Legends 39%]
2026-09-27T04:00:31.682Z,57493aa,dirty,appearance,ocean,max,false,on,"ANGLE (AMD, AMD Radeon RX 6700 XT (0x000073DF) Direct3D11 vs_5_0 ps_5_0, D3D11)",244,3,4201,235,13.2,46,0.8,29.7,52.9,0.0,67,9.4,822,rules-rulez [contended: League of Legends 39%]
2026-09-27T04:00:31.682Z,57493aa,dirty,appearance,glass,max,false,on,"ANGLE (AMD, AMD Radeon RX 6700 XT (0x000073DF) Direct3D11 vs_5_0 ps_5_0, D3D11)",244,3,4204,232,1.3,46,2.1,44.1,49.6,0.3,67,9.3,807,rules-rulez [contended: League of Legends 39%]
2026-09-27T04:00:31.682Z,57493aa,dirty,appearance,cyber,max,false,on,"ANGLE (AMD, AMD Radeon RX 6700 XT (0x000073DF) Direct3D11 vs_5_0 ps_5_0, D3D11)",244,3,4201,235,1.3,54,0.7,25.9,37.9,0.0,67,9.4,818,rules-rulez [contended: League of Legends 39%]
2026-09-27T04:02:09.174Z,57493aa,dirty,grow,press,max,false,on,"ANGLE (AMD, AMD Radeon RX 6700 XT (0x000073DF) Direct3D11 vs_5_0 ps_5_0, D3D11)",244,3,3002,239,0.0,13,0.4,18.0,24.3,0.2,67,9.5,818,rules-rulez [contended: League of Legends 33%]
2026-09-27T04:02:09.174Z,57493aa,dirty,grow,ocean,max,false,on,"ANGLE (AMD, AMD Radeon RX 6700 XT (0x000073DF) Direct3D11 vs_5_0 ps_5_0, D3D11)",244,3,3002,229,0.4,17,3.2,45.3,41.9,0.0,67,9.6,859,rules-rulez [contended: League of Legends 33%]
2026-09-27T04:02:09.174Z,57493aa,dirty,grow,glass,max,false,on,"ANGLE (AMD, AMD Radeon RX 6700 XT (0x000073DF) Direct3D11 vs_5_0 ps_5_0, D3D11)",244,3,3002,238,0.8,17,0.6,42.0,34.3,0.0,67,9.6,864,rules-rulez [contended: League of Legends 33%]
2026-09-27T04:02:09.174Z,57493aa,dirty,grow,cyber,max,false,on,"ANGLE (AMD, AMD Radeon RX 6700 XT (0x000073DF) Direct3D11 vs_5_0 ps_5_0, D3D11)",244,3,3002,239,0.4,13,0.4,25.4,30.0,0.2,67,9.6,848,rules-rulez [contended: League of Legends 33%]
2026-09-27T04:15:21.105Z,7785a75,dirty,appearance,press,max,false,on,"ANGLE (AMD, AMD Radeon RX 6700 XT (0x000073DF) Direct3D11 vs_5_0 ps_5_0, D3D11)",244,3,4202,237,2.5,54,0.2,11.0,22.3,0.3,67,9.4,857,main [contended: League of Legends 45%]
2026-09-27T04:15:21.105Z,7785a75,dirty,appearance,ocean,max,false,on,"ANGLE (AMD, AMD Radeon RX 6700 XT (0x000073DF) Direct3D11 vs_5_0 ps_5_0, D3D11)",244,3,4202,235,13.1,33,1.1,29.1,46.0,0.0,67,9.3,883,main [contended: League of Legends 45%]
2026-09-27T04:15:21.105Z,7785a75,dirty,appearance,glass,max,false,on,"ANGLE (AMD, AMD Radeon RX 6700 XT (0x000073DF) Direct3D11 vs_5_0 ps_5_0, D3D11)",244,3,4203,231,0.9,38,2.7,43.1,45.9,0.3,67,9.4,861,main [contended: League of Legends 45%]
2026-09-27T04:15:21.105Z,7785a75,dirty,appearance,cyber,max,false,on,"ANGLE (AMD, AMD Radeon RX 6700 XT (0x000073DF) Direct3D11 vs_5_0 ps_5_0, D3D11)",244,3,4204,237,1.7,46,0.3,25.7,32.8,0.0,67,9.9,874,main [contended: League of Legends 45%]
2026-09-27T04:17:01.367Z,7785a75,dirty,grow,press,max,false,on,"ANGLE (AMD, AMD Radeon RX 6700 XT (0x000073DF) Direct3D11 vs_5_0 ps_5_0, D3D11)",244,3,3002,239,0.4,13,0.4,16.4,21.9,0.2,67,9.5,844,main [contended: League of Legends 50%]
2026-09-27T04:17:01.367Z,7785a75,dirty,grow,ocean,max,false,on,"ANGLE (AMD, AMD Radeon RX 6700 XT (0x000073DF) Direct3D11 vs_5_0 ps_5_0, D3D11)",244,3,3003,230,0.9,21,2.4,43.4,39.8,0.2,67,9.4,874,main [contended: League of Legends 50%]
2026-09-27T04:17:01.367Z,7785a75,dirty,grow,glass,max,false,on,"ANGLE (AMD, AMD Radeon RX 6700 XT (0x000073DF) Direct3D11 vs_5_0 ps_5_0, D3D11)",244,3,3002,238,0.4,13,0.6,40.4,33.3,0.5,67,9.4,871,main [contended: League of Legends 50%]
2026-09-27T04:17:01.367Z,7785a75,dirty,grow,cyber,max,false,on,"ANGLE (AMD, AMD Radeon RX 6700 XT (0x000073DF) Direct3D11 vs_5_0 ps_5_0, D3D11)",244,3,3002,239,0.0,13,0.3,22.8,28.6,0.2,67,9.4,854,main [contended: League of Legends 50%]
2026-09-28T04:23:23.122Z,55e6e36,clean,idle,ocean,max,true,on,"ANGLE (AMD, AMD Radeon RX 6700 XT (0x000073DF) Direct3D11 vs_5_0 ps_5_0, D3D11)",244,3,3001,232,0.9,21,2.6,40.5,49.6,0.0,72,10.2,989,"B15 album light 100, music [contended: League of Legends 44%]"
2026-09-28T04:24:05.483Z,55e6e36,dirty,idle,ocean,max,true,on,"ANGLE (AMD, AMD Radeon RX 6700 XT (0x000073DF) Direct3D11 vs_5_0 ps_5_0, D3D11)",244,3,3001,232,19.2,13,2.9,35.2,45.3,0.0,72,10.8,1015,"B15 album light 0, music [contended: League of Legends 37%]"
2026-09-28T04:26:09.038Z,55e6e36,dirty,idle,ocean,max,true,off,"ANGLE (Microsoft, Microsoft Basic Render Driver (0x0000008C) Direct3D11 vs_5_0 ps_5_0, D3D11)",20,3,3011,34,10.8,63,0.0,96.9,23.0,0.5,69,10.1,864,"B15 album light 0, music, gpu off [contended: League of Legends 41%]"
2026-09-28T04:26:57.940Z,55e6e36,dirty,idle,ocean,max,true,off,"ANGLE (Microsoft, Microsoft Basic Render Driver (0x0000008C) Direct3D11 vs_5_0 ps_5_0, D3D11)",20,3,3026,27,3.7,75,0.0,97.8,18.8,0.0,69,10.1,911,"B15 album light 100, music, gpu off [contended: League of Legends 49%]"
2026-09-28T04:43:12.905Z,55e6e36,dirty,idle,ocean,max,false,on,"ANGLE (AMD, AMD Radeon RX 6700 XT (0x000073DF) Direct3D11 vs_5_0 ps_5_0, D3D11)",244,3,3002,240,2.1,4,0.0,7.8,15.7,0.0,67,9.4,804,"LB1 ocean light 100, no music [contended: msedge 54%]"
2026-09-28T04:43:51.315Z,55e6e36,dirty,idle,ocean,max,true,on,"ANGLE (AMD, AMD Radeon RX 6700 XT (0x000073DF) Direct3D11 vs_5_0 ps_5_0, D3D11)",244,3,3002,236,0.8,13,1.3,36.8,44.3,0.2,68,10.3,1010,"LB2 ocean light 100, music, EQ on [contended: msedge 38%]"
2026-09-28T04:44:36.787Z,55e6e36,dirty,idle,ocean,max,true,on,"ANGLE (AMD, AMD Radeon RX 6700 XT (0x000073DF) Direct3D11 vs_5_0 ps_5_0, D3D11)",244,3,3002,239,0.4,8,0.4,24.4,34.4,0.3,68,10.4,1037,"LB3 music, heave frozen [css: .ocean{--ocean-breath:0!important}] [contended: nothing else on the GPU]"
2026-09-28T04:45:03.985Z,55e6e36,dirty,idle,ocean,max,true,on,"ANGLE (AMD, AMD Radeon RX 6700 XT (0x000073DF) Direct3D11 vs_5_0 ps_5_0, D3D11)",244,3,3002,239,0.8,8,0.3,28.8,35.9,0.0,68,11.2,1044,"LB4 music, neon hidden [css: .ocean__neon{display:none!important}] [contended: nothing else on the GPU]"
2026-09-28T04:45:31.851Z,55e6e36,dirty,idle,ocean,max,true,on,"ANGLE (AMD, AMD Radeon RX 6700 XT (0x000073DF) Direct3D11 vs_5_0 ps_5_0, D3D11)",244,3,3002,238,0.8,12,0.8,38.1,44.4,0.0,68,11.6,1056,"LB5 music, glow hidden [css: .ocean__glow{display:none!important}] [contended: msedge 38%]"
2026-09-28T04:46:07.287Z,55e6e36,dirty,idle,ocean,max,true,on,"ANGLE (AMD, AMD Radeon RX 6700 XT (0x000073DF) Direct3D11 vs_5_0 ps_5_0, D3D11)",244,3,3002,239,0.8,8,0.6,31.3,34.0,0.3,68,10.5,1069,"LB6 music, NP aurora spin off [css: .np__aurora,.np__aurora::before{animation:none!important}] [contended: nothing else on the GPU]"
2026-09-28T04:46:34.784Z,55e6e36,dirty,idle,ocean,max,true,on,"ANGLE (AMD, AMD Radeon RX 6700 XT (0x000073DF) Direct3D11 vs_5_0 ps_5_0, D3D11)",244,3,3003,238,6.7,9,0.7,32.8,50.8,0.0,68,9.9,1084,"LB7 music, vinyl+scrub still [css: .vinyl__spin{animation:none!important;transform:none!important}.scrub__fill,.scrub__handle{transition:none!important;visibility:hidden!important}] [contended: nothing else on the GPU]"
2026-09-28T04:47:02.077Z,55e6e36,dirty,idle,ocean,max,true,on,"ANGLE (AMD, AMD Radeon RX 6700 XT (0x000073DF) Direct3D11 vs_5_0 ps_5_0, D3D11)",244,3,3004,239,1.3,8,0.4,11.0,40.3,0.0,68,9.6,1101,"LB8 music, heave frozen + NP spin off + scrub hidden [css: .ocean{--ocean-breath:0!important}.np__aurora,.np__aurora::before{animation:none!important}.scrub__fill,.scrub__handle{visibility:hidden!important}] [contended: nothing else on the GPU]"
2026-09-28T04:47:39.106Z,55e6e36,dirty,idle,ocean,max,true,on,"ANGLE (AMD, AMD Radeon RX 6700 XT (0x000073DF) Direct3D11 vs_5_0 ps_5_0, D3D11)",244,3,3002,240,0.4,8,0.3,30.7,33.6,0.0,68,10.4,1102,"LC2 clean, music, EQ on"
2026-09-28T04:48:06.075Z,55e6e36,dirty,idle,ocean,max,true,on,"ANGLE (AMD, AMD Radeon RX 6700 XT (0x000073DF) Direct3D11 vs_5_0 ps_5_0, D3D11)",244,3,3002,240,1.3,8,0.1,23.1,30.2,0.0,68,11.5,1102,"LC3 clean, music, heave frozen [css: .ocean{--ocean-breath:0!important}]"
2026-09-28T04:48:33.218Z,55e6e36,dirty,idle,ocean,max,true,on,"ANGLE (AMD, AMD Radeon RX 6700 XT (0x000073DF) Direct3D11 vs_5_0 ps_5_0, D3D11)",244,3,3002,239,0.4,8,0.6,30.2,33.9,0.0,68,10.5,1102,"LC6 clean, music, NP spin off [css: .np__aurora,.np__aurora::before{animation:none!important}]"
2026-09-28T04:49:00.061Z,55e6e36,dirty,idle,ocean,max,true,on,"ANGLE (AMD, AMD Radeon RX 6700 XT (0x000073DF) Direct3D11 vs_5_0 ps_5_0, D3D11)",244,3,3003,239,0.4,8,0.6,10.2,37.3,0.3,68,9.9,1105,"LC8 clean, music, heave frozen + NP spin off + scrub hidden [css: .ocean{--ocean-breath:0!important}.np__aurora,.np__aurora::before{animation:none!important}.scrub__fill,.scrub__handle{visibility:hidden!important}]"
2026-09-28T04:49:36.689Z,55e6e36,dirty,idle,ocean,max,false,on,"ANGLE (AMD, AMD Radeon RX 6700 XT (0x000073DF) Direct3D11 vs_5_0 ps_5_0, D3D11)",244,3,3003,240,0.0,4,0.0,8.2,18.1,0.5,68,10.1,1099,"LC1 clean, no music"
2026-09-28T05:12:13.940Z,5ccc8bc,dirty,idle,ocean,max,true,on,"ANGLE (AMD, AMD Radeon RX 6700 XT (0x000073DF) Direct3D11 vs_5_0 ps_5_0, D3D11)",244,3,3003,239,1.7,8,0.4,29.2,40.2,0.3,70,10.4,1037,"LD2 capped, music, EQ on"
2026-09-28T05:12:41.593Z,5ccc8bc,dirty,idle,ocean,max,true,on,"ANGLE (AMD, AMD Radeon RX 6700 XT (0x000073DF) Direct3D11 vs_5_0 ps_5_0, D3D11)",244,3,3007,238,0.8,8,0.7,10.9,39.4,0.0,70,10.2,1079,"LD8 capped, music, heave frozen + NP spin off + scrub hidden [css: .ocean{--ocean-breath:0!important}.np__aurora,.np__aurora::before{animation:none!important}.scrub__fill,.scrub__handle{visibility:hidden!important}]"
2026-09-28T05:16:50.891Z,5ccc8bc,dirty,idle,press,max,true,on,"ANGLE (AMD, AMD Radeon RX 6700 XT (0x000073DF) Direct3D11 vs_5_0 ps_5_0, D3D11)",244,3,3003,240,0.4,4,0.0,4.2,8.8,0.0,70,10.5,1033,"LE capped heave+scrub, music, EQ on"
2026-09-28T05:16:50.891Z,5ccc8bc,dirty,idle,ocean,max,true,on,"ANGLE (AMD, AMD Radeon RX 6700 XT (0x000073DF) Direct3D11 vs_5_0 ps_5_0, D3D11)",244,3,3003,240,0.4,8,0.1,12.7,22.2,0.0,70,10.3,1067,"LE capped heave+scrub, music, EQ on"
2026-09-28T05:16:50.891Z,5ccc8bc,dirty,idle,glass,max,true,on,"ANGLE (AMD, AMD Radeon RX 6700 XT (0x000073DF) Direct3D11 vs_5_0 ps_5_0, D3D11)",244,3,3003,240,0.0,4,0.0,11.8,15.1,0.3,70,10.5,1062,"LE capped heave+scrub, music, EQ on"
2026-09-28T05:16:50.891Z,5ccc8bc,dirty,idle,cyber,max,true,on,"ANGLE (AMD, AMD Radeon RX 6700 XT (0x000073DF) Direct3D11 vs_5_0 ps_5_0, D3D11)",244,3,3002,240,0.0,4,0.0,11.3,15.2,0.0,70,10.7,1079,"LE capped heave+scrub, music, EQ on"
2026-09-28T05:18:07.979Z,5ccc8bc,dirty,idle,ocean,max,true,on,"ANGLE (AMD, AMD Radeon RX 6700 XT (0x000073DF) Direct3D11 vs_5_0 ps_5_0, D3D11)",244,3,3002,240,0.0,4,0.0,24.4,26.7,0.3,70,10.6,1113,"LE-undo smooth eases forced back, music [css: .scrub__handle,.scrub__handle::before,.scrub__handle::after{animation-timing-function:ease-in-out!important}.ocean__heave{transition-timing-function:var(--ocean-breath-ease)!important}.ocean__neon,.ocean__glow{transition-timing-function:var(--ocean-breath-ease)!important}]"
2026-09-28T05:18:07.979Z,5ccc8bc,dirty,idle,glass,max,true,on,"ANGLE (AMD, AMD Radeon RX 6700 XT (0x000073DF) Direct3D11 vs_5_0 ps_5_0, D3D11)",244,3,3003,240,0.0,4,0.0,46.3,23.7,0.0,70,11.0,1110,"LE-undo smooth eases forced back, music [css: .scrub__handle,.scrub__handle::before,.scrub__handle::after{animation-timing-function:ease-in-out!important}.ocean__heave{transition-timing-function:var(--ocean-breath-ease)!important}.ocean__neon,.ocean__glow{transition-timing-function:var(--ocean-breath-ease)!important}]"
2026-09-28T05:18:07.979Z,5ccc8bc,dirty,idle,cyber,max,true,on,"ANGLE (AMD, AMD Radeon RX 6700 XT (0x000073DF) Direct3D11 vs_5_0 ps_5_0, D3D11)",244,3,3002,240,0.4,8,0.1,28.4,33.4,0.0,70,10.4,1094,"LE-undo smooth eases forced back, music [css: .scrub__handle,.scrub__handle::before,.scrub__handle::after{animation-timing-function:ease-in-out!important}.ocean__heave{transition-timing-function:var(--ocean-breath-ease)!important}.ocean__neon,.ocean__glow{transition-timing-function:var(--ocean-breath-ease)!important}]"
2026-09-28T05:21:50.011Z,5ccc8bc,dirty,idle,press,max,true,on,"ANGLE (AMD, AMD Radeon RX 6700 XT (0x000073DF) Direct3D11 vs_5_0 ps_5_0, D3D11)",244,3,3001,240,0.0,10,0.1,3.4,10.2,0.5,70,10.4,1001,"LF capped + layout guards (sound btn, time labels), music, EQ on"
2026-09-28T05:21:50.011Z,5ccc8bc,dirty,idle,ocean,max,true,on,"ANGLE (AMD, AMD Radeon RX 6700 XT (0x000073DF) Direct3D11 vs_5_0 ps_5_0, D3D11)",244,3,3003,239,0.8,8,0.4,14.9,29.0,0.3,70,10.2,1027,"LF capped + layout guards (sound btn, time labels), music, EQ on"
2026-09-28T05:21:50.011Z,5ccc8bc,dirty,idle,glass,max,true,on,"ANGLE (AMD, AMD Radeon RX 6700 XT (0x000073DF) Direct3D11 vs_5_0 ps_5_0, D3D11)",244,3,3003,240,0.4,4,0.0,12.5,21.7,0.2,70,10.3,1020,"LF capped + layout guards (sound btn, time labels), music, EQ on"
2026-09-28T05:21:50.011Z,5ccc8bc,dirty,idle,cyber,max,true,on,"ANGLE (AMD, AMD Radeon RX 6700 XT (0x000073DF) Direct3D11 vs_5_0 ps_5_0, D3D11)",244,3,3002,240,0.0,4,0.0,13.8,21.8,0.2,70,10.3,1007,"LF capped + layout guards (sound btn, time labels), music, EQ on"
